dataset_type,temperature_c,vgs_v,vds_v,id_a,ig_a
id_vg,27.0,-5.0,5.0,1.000030935432522e-11,-0.0
id_vg,27.0,-4.9,5.0,1.000030935432521e-11,1.817990202823694e-17
id_vg,27.0,-4.800000000000001,5.0,1.000030935432521e-11,-0.0
id_vg,27.0,-4.700000000000001,5.0,1.000030935432521e-11,1.040834085586084e-17
id_vg,27.0,-4.600000000000001,5.0,1.000030935432521e-11,-0.0
id_vg,27.0,-4.500000000000002,5.0,1.000030935432521e-11,1.040834085586084e-17
id_vg,27.0,-4.400000000000002,5.0,1.000030935432521e-11,-1.471045507628332e-17
id_vg,27.0,-4.300000000000002,5.0,1.000030935432521e-11,3.50414142147315e-18
id_vg,27.0,-4.200000000000003,5.0,1.000030935432521e-11,-2.161465451067102e-17
id_vg,27.0,-4.100000000000003,5.0,1.000030935432521e-11,-3.400058012914543e-18
id_vg,27.0,-4.000000000000004,5.0,1.000030935432521e-11,7.008282842946299e-18
id_vg,27.0,-3.900000000000003,5.0,1.000030935432521e-11,7.008282842946299e-18
id_vg,27.0,-3.800000000000003,5.0,1.000030935432521e-11,7.008282842946299e-18
id_vg,27.0,-3.700000000000003,5.0,1.000030935432521e-11,7.008282842946299e-18
id_vg,27.0,-3.600000000000003,5.0,1.000030935432521e-11,7.008282842946299e-18
id_vg,27.0,-3.500000000000003,5.0,1.000030935432521e-11,7.008282842946299e-18
id_vg,27.0,-3.400000000000003,5.0,1.000030935432521e-11,7.008282842946299e-18
id_vg,27.0,-3.300000000000003,5.0,1.000030935432521e-11,7.008282842946299e-18
id_vg,27.0,-3.200000000000003,5.0,1.000030935432521e-11,7.008282842946299e-18
id_vg,27.0,-3.100000000000003,5.0,1.000030935432521e-11,-1.075528555105621e-17
id_vg,27.0,-3.000000000000003,5.0,1.000030935432521e-11,-1.075528555105621e-17
id_vg,27.0,-2.900000000000003,5.0,1.000030935432521e-11,7.008282842946299e-18
id_vg,27.0,-2.800000000000002,5.0,1.000030935432521e-11,7.424616477180733e-18
id_vg,27.0,-2.700000000000002,5.0,1.000030935432521e-11,-1.075528555105621e-17
id_vg,27.0,-2.600000000000002,5.0,1.000030935432521e-11,-1.033895191682177e-17
id_vg,27.0,-2.500000000000002,5.0,1.000030935432521e-11,8.673617379884035e-18
id_vg,27.0,-2.400000000000002,5.0,1.000030935432521e-11,9.08995101411847e-18
id_vg,27.0,-2.300000000000002,5.0,1.000030935432521e-11,-9.08995101411847e-18
id_vg,27.0,-2.200000000000002,5.0,1.000030935432521e-11,-8.673617379884035e-18
id_vg,27.0,-2.100000000000002,5.0,1.000030935432521e-11,1.033895191682177e-17
id_vg,27.0,-2.000000000000002,5.0,1.000030935432521e-11,1.075528555105621e-17
id_vg,27.0,-1.900000000000002,5.0,1.000030935432521e-11,-7.424616477180733e-18
id_vg,27.0,-1.800000000000002,5.0,1.000030935432521e-11,-7.008282842946299e-18
id_vg,27.0,-1.700000000000002,5.0,1.000030935432521e-11,-5.759281940242997e-18
id_vg,27.0,-1.600000000000001,5.0,1.000030935432521e-11,-5.759281940242997e-18
id_vg,27.0,-1.500000000000001,5.0,1.000030935432521e-11,3.122502256758256e-18
id_vg,27.0,-1.400000000000001,5.0,1.000030935432521e-11,3.122502256758256e-18
id_vg,27.0,-1.300000000000001,5.0,1.000105860947147e-11,3.122502256758256e-18
id_vg,27.0,-1.200000000000001,5.0,1.018052248974846e-11,3.122502256758256e-18
id_vg,27.0,-1.100000000000001,5.0,3.79064452969149e-11,3.122502256758256e-18
id_vg,27.0,-1.000000000000001,5.0,2.68115190438685e-09,3.122502256758256e-18
id_vg,27.0,-0.9000000000000009,5.0,4.609933602747222e-07,3.122502256758256e-18
id_vg,27.0,-0.8000000000000009,5.0,6.662060959971407e-05,3.122502256758256e-18
id_vg,27.0,-0.700000000000001,5.0,0.002054055736389652,-3.469446951953586e-19
id_vg,27.0,-0.600000000000001,5.0,0.01101023826686473,-1.214306433183762e-18
id_vg,27.0,-0.500000000000001,5.0,0.02818246670596035,6.245004513516534e-19
id_vg,27.0,-0.400000000000001,5.0,0.05248182691678226,-2.428612866367501e-19
id_vg,27.0,-0.300000000000001,5.0,0.08349793479738414,1.110223024625159e-18
id_vg,27.0,-0.200000000000001,5.0,0.123556771537086,-2.428612866367505e-19
id_vg,27.0,-0.100000000000001,5.0,0.1899107379256447,-7.979727989493288e-19
id_vg,27.0,0.0,5.0,0.1925900115932256,-0.0
id_vg,27.0,0.1,5.0,0.1939551434408938,-0.0
id_vg,27.0,0.2,5.0,0.1948311118984633,-0.0
id_vg,27.0,0.3,5.0,0.1954547806493051,-0.0
id_vg,27.0,0.4,5.0,0.1959279553399022,-0.0
id_vg,27.0,0.5,5.0,0.1963026803506452,-0.0
id_vg,27.0,0.6,5.0,0.1966087224937911,-0.0
id_vg,27.0,0.7,5.0,0.1968645311282961,-0.0
id_vg,27.0,0.7999999999999999,5.0,0.1970822516562168,-0.0
id_vg,27.0,0.8999999999999999,5.0,0.1972702626383885,-0.0
id_vg,27.0,0.9999999999999999,5.0,0.197434563814696,-0.0
id_vg,27.0,1.1,5.0,0.1975795840618416,-0.0
id_vg,27.0,1.2,5.0,0.1977086760786713,-0.0
id_vg,27.0,1.3,5.0,0.1978244322451244,-0.0
id_vg,27.0,1.4,5.0,0.1979288935657618,-0.0
id_vg,27.0,1.5,5.0,0.1980236921334201,-0.0
id_vg,27.0,1.6,5.0,0.1981101508395435,-0.0
id_vg,27.0,1.7,5.0,0.1981893547740514,-0.0
id_vg,27.0,1.8,5.0,0.198262203391922,-0.0
id_vg,27.0,1.900000000000001,5.0,0.1983294493136394,-0.0
id_vg,27.0,2.0,5.0,0.198391727646972,-0.0
id_vd,27.0,0.0,0.0,-0.0,-0.0
id_vd,27.0,0.0,0.1,0.003897501187512909,-0.0
id_vd,27.0,0.0,0.2,0.007794668370134905,-0.0
id_vd,27.0,0.0,0.3,0.0116914507684747,-0.0
id_vd,27.0,0.0,0.4,0.01558779651583888,-0.0
id_vd,27.0,0.0,0.5,0.01948365252074003,-0.0
id_vd,27.0,0.0,0.6,0.02337896432205248,-0.0
id_vd,27.0,0.0,0.7,0.02727367593585859,-0.0
id_vd,27.0,0.0,0.7999999999999999,0.03116772969293945,-0.0
id_vd,27.0,0.0,0.8999999999999999,0.03506106606576065,-0.0
id_vd,27.0,0.0,0.9999999999999999,0.03895362348368704,-0.0
id_vd,27.0,0.0,1.1,0.0428453381350255,-0.0
id_vd,27.0,0.0,1.2,0.04673614375434176,-0.0
id_vd,27.0,0.0,1.3,0.05062597139332128,-0.0
id_vd,27.0,0.0,1.4,0.05451474917324348,-0.0
id_vd,27.0,0.0,1.5,0.05840240201690782,-0.0
id_vd,27.0,0.0,1.6,0.06228885135758671,-0.0
id_vd,27.0,0.0,1.7,0.06617401482227567,-0.0
id_vd,27.0,0.0,1.8,0.07005780588616278,-0.0
id_vd,27.0,0.0,1.900000000000001,0.07394013349483636,-0.0
id_vd,27.0,0.0,2.0,0.07782090165028482,-0.0
id_vd,27.0,0.0,2.100000000000001,0.08170000895620555,-0.0
id_vd,27.0,0.0,2.200000000000001,0.08557734811751502,-0.0
id_vd,27.0,0.0,2.300000000000001,0.08945280538822913,-0.0
id_vd,27.0,0.0,2.400000000000001,0.09332625996103812,-0.0
id_vd,27.0,0.0,2.500000000000001,0.0971975832909164,-0.0
id_vd,27.0,0.0,2.600000000000001,0.1010666383439546,-0.0
id_vd,27.0,0.0,2.700000000000001,0.1049332787612494,-0.0
id_vd,27.0,0.0,2.800000000000001,0.1087973479260976,-0.0
id_vd,27.0,0.0,2.900000000000001,0.1126586779208612,-0.0
id_vd,27.0,0.0,3.000000000000001,0.1165170883576569,-0.0
id_vd,27.0,0.0,3.100000000000001,0.1203723850643849,-0.0
id_vd,27.0,0.0,3.200000000000002,0.1242243586044823,-0.0
id_vd,27.0,0.0,3.300000000000002,0.1280727826050437,-0.0
id_vd,27.0,0.0,3.400000000000002,0.131917411863463,-0.0
id_vd,27.0,0.0,3.500000000000002,0.1357579801973201,-0.0
id_vd,27.0,0.0,3.600000000000002,0.1395941979955642,-0.0
id_vd,27.0,0.0,3.700000000000002,0.1434257494205652,-0.0
id_vd,27.0,0.0,3.800000000000002,0.1472522891992423,-0.0
id_vd,27.0,0.0,3.900000000000002,0.1510734389251191,-0.0
id_vd,27.0,0.0,4.000000000000002,0.154888782767986,-0.0
id_vd,27.0,0.0,4.100000000000001,0.1586978624474754,-0.0
id_vd,27.0,0.0,4.200000000000001,0.1625001712614967,-0.0
id_vd,27.0,0.0,4.300000000000001,0.1662951468564346,-0.0
id_vd,27.0,0.0,4.4,0.1700821622654501,-0.0
id_vd,27.0,0.0,4.5,0.1738605145021689,-0.0
id_vd,27.0,0.0,4.6,0.1776294096527652,-0.0
id_vd,27.0,0.0,4.699999999999999,0.1813879429256005,-0.0
id_vd,27.0,0.0,4.799999999999999,0.1851350714442238,-0.0
id_vd,27.0,0.0,4.899999999999999,0.1888695766231576,-0.0
id_vd,27.0,0.0,4.999999999999998,0.192590011593228,-0.0
id_vd,27.0,0.0,5.099999999999998,0.1962946270522125,-0.0
id_vd,27.0,0.0,5.199999999999998,0.1999812655453534,-0.0
id_vd,27.0,0.0,5.299999999999997,0.2036472084379709,-0.0
id_vd,27.0,0.0,5.399999999999997,0.2072889495628967,-0.0
id_vd,27.0,0.0,5.499999999999996,0.2109018502229688,-0.0
id_vd,27.0,0.0,5.599999999999996,0.2144795920321585,-0.0
id_vd,27.0,0.0,5.699999999999996,0.2180132635175711,-0.0
id_vd,27.0,0.0,5.799999999999995,0.2214897321154912,-0.0
id_vd,27.0,0.0,5.899999999999995,0.22488848453551,-0.0
id_vd,27.0,0.0,5.999999999999995,0.2281747440441302,-0.0
id_vd,27.0,0.0,6.099999999999994,0.2312817327989413,-0.0
id_vd,27.0,0.0,6.199999999999994,0.2340503309600735,-0.0
id_vd,27.0,0.0,6.299999999999994,0.235846430273465,-0.0
id_vd,27.0,0.0,6.399999999999993,0.204584686668557,-0.0
id_vd,27.0,0.0,6.499999999999993,0.2000774921189788,-0.0
id_vd,27.0,0.0,6.599999999999993,0.1969268789505826,-0.0
id_vd,27.0,0.0,6.699999999999992,0.1944724269116172,-0.0
id_vd,27.0,0.0,6.799999999999992,0.1924593510019006,-0.0
id_vd,27.0,0.0,6.899999999999991,0.190757282725013,-0.0
id_vd,27.0,0.0,6.999999999999991,0.1892887498516532,-0.0
id_vd,27.0,0.0,7.099999999999991,0.188003163358028,-0.0
id_vd,27.0,0.0,7.19999999999999,0.1868652729050265,-0.0
id_vd,27.0,0.0,7.29999999999999,0.1858493265326173,-0.0
id_vd,27.0,0.0,7.39999999999999,0.1849358248231514,-0.0
id_vd,27.0,0.0,7.499999999999989,0.1841095837818748,-0.0
id_vd,27.0,0.0,7.599999999999989,0.1833585121753744,-0.0
id_vd,27.0,0.0,7.699999999999989,0.1826728041328134,-0.0
id_vd,27.0,0.0,7.799999999999988,0.1820443857457562,-0.0
id_vd,27.0,0.0,7.899999999999988,0.1814665237586468,-0.0
id_vd,27.0,0.0,7.999999999999988,0.1809335414698345,-0.0
id_vd,27.0,0.0,8.099999999999987,0.1804406077497214,-0.0
id_vd,27.0,0.0,8.199999999999987,0.1799835772621992,-0.0
id_vd,27.0,0.0,8.299999999999986,0.1795588673806946,-0.0
id_vd,27.0,0.0,8.399999999999986,0.1791633619400796,-0.0
id_vd,27.0,0.0,8.499999999999986,0.1787943349697507,-0.0
id_vd,27.0,0.0,8.599999999999985,0.178449389543475,-0.0
id_vd,27.0,0.0,8.699999999999985,0.1781264082303274,-0.0
id_vd,27.0,0.0,8.799999999999985,0.1778235125636838,-0.0
id_vd,27.0,0.0,8.899999999999984,0.1775390296020849,-0.0
id_vd,27.0,0.0,8.999999999999984,0.1772714641261018,-0.0
id_vd,27.0,0.0,9.099999999999984,0.1770194753572493,-0.0
id_vd,27.0,0.0,9.199999999999983,0.1767818573369925,-0.0
id_vd,27.0,0.0,9.299999999999983,0.1765575222919986,-0.0
id_vd,27.0,0.0,9.399999999999983,0.1763454864538427,-0.0
id_vd,27.0,0.0,9.499999999999982,0.1761448579098168,-0.0
id_vd,27.0,0.0,9.599999999999982,0.1759548261450891,-0.0
id_vd,27.0,0.0,9.699999999999982,0.175774653001512,-0.0
id_vd,27.0,0.0,9.799999999999981,0.1756036648294302,-0.0
id_vd,27.0,0.0,9.89999999999998,0.1754412456492235,-0.0
id_vd,27.0,0.0,10.0,0.1752868311715007,-0.0
